BH ID,Depth,Sample Type,Sieve Set,% Gravel,% Sand,% Silt,% Clay
RBH-07,0.5,SPT,Type 2,0.00,2.74,40.47,56.79
RBH-07,1.5,UDS,Type 2,2.01,40.02,27.31,30.66
RBH-07,3.5,SPT,Type 2,0.83,32.18,22.89,44.10
RBH-07,4.5,UDS,Type 2,15.48,11.44,25.64,47.44
RBH-07,6.5,SPT,Type 2,20.93,51.00,14.30,13.77
RBH-07,7.5,UDS,Type 2,5.02,72.72,10.36,11.91
RBH-07,9.5,SPT,Type 2,0.66,9.85,35.58,53.91
RBH-07,10.5,UDS,Type 2,4.12,11.62,31.45,52.81
RBH-07,12.5,SPT,Type 2,4.84,13.65,27.29,54.22
RBH-07,13.5,UDS,Type 2,1.89,3.81,40.56,53.73
RBH-07,15.5,SPT,Type 2,5.86,10.55,29.96,53.63
RBH-07,16.5,UDS,Type 2,1.60,9.64,34.98,53.78
RBH-07,18.5,SPT,Type 2,12.03,10.42,27.50,50.05
RBH-07,19.5,UDS,Type 2,8.98,21.53,26.98,42.50
RBH-07,21.5,SPT,Type 2,3.59,6.84,34.97,54.60
RBH-07,22.5,UDS,Type 2,6.12,22.77,33.17,37.95
RBH-07,24.5,SPT,Type 2,0.19,9.49,36.28,54.04
RBH-07,25.5,UDS,Type 2,1.36,52.54,22.27,23.84
RBH-07,28.5,UDS,Type 2,3.15,33.13,20.91,42.80
