Seq#,DateTime,STRAIN (mm),LOAD (kg)
1,05-08-2021 15:47:00,0.000,0.000
2,05-08-2021 15:47:02,0.040,0.000
3,05-08-2021 15:47:06,0.123,0.004
4,05-08-2021 15:47:12,0.252,0.000
5,05-08-2021 15:47:16,0.333,0.000
6,05-08-2021 15:47:21,0.437,0.230
7,05-08-2021 15:47:27,0.564,0.243
8,05-08-2021 15:47:32,0.669,0.278
9,05-08-2021 15:47:37,0.771,0.342
10,05-08-2021 15:47:42,0.876,0.443
11,05-08-2021 15:47:47,0.981,0.589
12,05-08-2021 15:47:52,1.084,0.772
13,05-08-2021 15:47:57,1.185,0.989
14,05-08-2021 15:48:01,1.265,1.185
15,05-08-2021 15:48:06,1.369,1.471
16,05-08-2021 15:48:11,1.473,1.777
17,05-08-2021 15:48:16,1.580,2.137
18,05-08-2021 15:48:19,1.644,2.354
19,05-08-2021 15:48:23,1.724,2.630
20,05-08-2021 15:48:29,1.850,3.095
21,05-08-2021 15:48:34,1.954,3.465
22,05-08-2021 15:48:39,2.060,3.791
23,05-08-2021 15:48:43,2.146,4.100
24,05-08-2021 15:48:48,2.251,4.436
25,05-08-2021 15:48:53,2.354,4.695
26,05-08-2021 15:48:58,2.460,4.982
27,05-08-2021 15:49:02,2.547,5.194
28,05-08-2021 15:49:06,2.633,5.373
29,05-08-2021 15:49:12,2.758,5.553
30,05-08-2021 15:49:18,2.884,5.663
31,05-08-2021 15:49:23,2.991,5.773
32,05-08-2021 15:49:28,3.094,5.773
33,05-08-2021 15:49:32,3.176,5.768
34,05-08-2021 15:49:35,3.238,5.847
35,05-08-2021 15:49:40,3.339,5.847
36,05-08-2021 15:49:44,3.419,5.848
37,05-08-2021 15:49:47,3.477,5.860
38,05-08-2021 15:49:54,3.622,5.961
39,05-08-2021 15:49:58,3.705,6.044
40,05-08-2021 15:50:03,3.810,6.160
41,05-08-2021 15:50:08,3.913,6.365
42,05-08-2021 15:50:12,3.994,6.486
43,05-08-2021 15:50:17,4.100,6.732
44,05-08-2021 15:50:22,4.207,7.000
45,05-08-2021 15:50:27,4.314,7.336
46,05-08-2021 15:50:31,4.399,7.634
47,05-08-2021 15:50:35,4.484,7.900
48,05-08-2021 15:50:40,4.591,8.330
49,05-08-2021 15:50:46,4.715,8.778
50,05-08-2021 15:50:52,4.841,9.302
51,05-08-2021 15:50:57,4.948,9.750
52,05-08-2021 15:51:01,5.029,10.054
53,05-08-2021 15:51:05,5.113,10.357
54,05-08-2021 15:51:10,5.215,10.777
55,05-08-2021 15:51:15,5.323,11.145
56,05-08-2021 15:51:19,5.406,11.427
57,05-08-2021 15:51:25,5.531,11.683
58,05-08-2021 15:51:30,5.638,11.898
59,05-08-2021 15:51:34,5.720,11.920
60,05-08-2021 15:51:39,5.823,12.077
61,05-08-2021 15:51:43,5.907,12.267
62,05-08-2021 15:51:48,6.010,12.306
63,05-08-2021 15:51:53,6.112,12.306
64,05-08-2021 15:51:57,6.198,12.242
65,05-08-2021 15:52:02,6.303,12.348
66,05-08-2021 15:52:07,6.411,12.437
67,05-08-2021 15:52:12,6.515,12.570
68,05-08-2021 15:52:16,6.597,12.779
69,05-08-2021 15:52:21,6.699,13.082
70,05-08-2021 15:52:26,6.804,13.562
71,05-08-2021 15:52:31,6.908,14.149
72,05-08-2021 15:52:36,7.012,14.690
73,05-08-2021 15:52:41,7.113,15.219
74,05-08-2021 15:52:46,7.217,15.613
75,05-08-2021 15:52:51,7.320,15.975
76,05-08-2021 15:52:55,7.406,16.376
77,05-08-2021 15:53:00,7.511,16.589
78,05-08-2021 15:53:03,7.576,16.547
79,05-08-2021 15:53:08,7.681,16.572
80,05-08-2021 15:53:12,7.761,16.653
81,05-08-2021 15:53:17,7.865,16.663
82,05-08-2021 15:53:23,7.987,16.787
83,05-08-2021 15:53:28,8.093,16.888
84,05-08-2021 15:53:34,8.218,17.134
85,05-08-2021 15:53:39,8.319,17.293
86,05-08-2021 15:53:44,8.421,17.319
87,05-08-2021 15:53:49,8.525,17.398
88,05-08-2021 15:53:53,8.606,17.418
89,05-08-2021 15:53:57,8.689,17.439
90,05-08-2021 15:54:03,8.813,17.472
91,05-08-2021 15:54:08,8.915,17.385
92,05-08-2021 15:54:12,8.999,17.445
93,05-08-2021 15:54:17,9.103,17.445
94,05-08-2021 15:54:21,9.183,17.469
95,05-08-2021 15:54:27,9.306,17.491
96,05-08-2021 15:54:32,9.410,17.490
97,05-08-2021 15:54:40,9.574,17.545
98,05-08-2021 15:54:46,9.696,17.613
99,05-08-2021 15:54:51,9.799,17.638
100,05-08-2021 15:54:56,9.905,17.643
101,05-08-2021 15:55:00,9.987,17.694
102,05-08-2021 15:55:05,10.089,17.747
103,05-08-2021 15:55:09,10.172,17.698
104,05-08-2021 15:55:14,10.275,17.773
105,05-08-2021 15:55:19,10.375,17.830
106,05-08-2021 15:55:24,10.478,17.825
107,05-08-2021 15:55:28,10.562,17.897
108,05-08-2021 15:55:32,10.645,18.034
109,05-08-2021 15:55:37,10.745,17.909
110,05-08-2021 15:55:42,10.849,17.793
111,05-08-2021 15:55:47,10.951,17.756
112,05-08-2021 15:55:53,11.076,17.916
113,05-08-2021 15:55:58,11.180,17.890
114,05-08-2021 15:56:03,11.282,17.931
115,05-08-2021 15:56:07,11.366,17.906
116,05-08-2021 15:56:11,11.452,18.022
117,05-08-2021 15:56:15,11.535,17.908
118,05-08-2021 15:56:19,11.615,17.991
119,05-08-2021 15:56:24,11.721,17.923
120,05-08-2021 15:56:31,11.865,17.813
121,05-08-2021 15:56:36,11.971,17.829
122,05-08-2021 15:56:40,12.058,17.646
123,05-08-2021 15:56:45,12.160,17.506
124,05-08-2021 15:56:50,12.265,17.349
125,05-08-2021 15:56:54,12.352,17.453
126,05-08-2021 15:56:59,12.454,17.516
127,05-08-2021 15:57:04,12.557,17.626
128,05-08-2021 15:57:09,12.661,17.510
129,05-08-2021 15:57:14,12.768,17.505
130,05-08-2021 15:57:19,12.872,17.505
131,05-08-2021 15:57:25,12.994,17.624
132,05-08-2021 15:57:30,13.098,17.526
133,05-08-2021 15:57:35,13.201,17.623
134,05-08-2021 15:57:40,13.308,17.650
135,05-08-2021 15:57:46,13.432,17.722
136,05-08-2021 15:57:51,13.536,17.676
137,05-08-2021 15:57:57,13.660,17.720
138,05-08-2021 15:58:02,13.763,16.016
139,05-08-2021 15:58:06,13.846,16.049
140,05-08-2021 15:58:12,13.972,16.343
141,05-08-2021 15:58:17,14.076,16.266
142,05-08-2021 15:58:22,14.183,16.355
143,05-08-2021 15:58:27,14.289,16.293
144,05-08-2021 15:58:31,14.373,16.141
145,05-08-2021 15:58:36,14.473,16.235
146,05-08-2021 15:58:40,14.559,16.333
147,05-08-2021 15:58:44,14.641,16.414
148,05-08-2021 15:58:49,14.743,16.413
149,05-08-2021 15:58:53,14.828,16.200
150,05-08-2021 15:58:57,14.916,16.200
151,05-08-2021 15:59:02,14.962,16.368
152,05-08-2021 16:08:49,0.000,0.000
153,05-08-2021 16:08:55,0.127,0.000
154,05-08-2021 16:08:59,0.208,0.000
155,05-08-2021 16:09:04,0.315,0.000
156,05-08-2021 16:09:09,0.422,0.235
157,05-08-2021 16:09:13,0.504,0.240
158,05-08-2021 16:09:17,0.584,0.261
159,05-08-2021 16:09:22,0.690,0.325
160,05-08-2021 16:09:26,0.775,0.415
161,05-08-2021 16:09:31,0.878,0.584
162,05-08-2021 16:09:35,0.964,0.766
163,05-08-2021 16:09:41,1.091,1.124
164,05-08-2021 16:09:45,1.178,1.413
165,05-08-2021 16:09:50,1.282,1.815
166,05-08-2021 16:09:55,1.386,2.238
167,05-08-2021 16:09:59,1.468,2.642
168,05-08-2021 16:10:04,1.568,3.120
169,05-08-2021 16:10:09,1.671,3.568
170,05-08-2021 16:10:14,1.775,4.084
171,05-08-2021 16:10:19,1.880,4.549
172,05-08-2021 16:10:24,1.983,4.967
173,05-08-2021 16:10:28,2.071,5.287
174,05-08-2021 16:10:33,2.177,5.651
175,05-08-2021 16:10:37,2.257,5.900
176,05-08-2021 16:10:41,2.344,6.093
177,05-08-2021 16:10:46,2.446,6.276
178,05-08-2021 16:10:51,2.552,6.477
179,05-08-2021 16:10:55,2.637,6.458
180,05-08-2021 16:11:01,2.765,6.460
181,05-08-2021 16:11:05,2.849,6.445
182,05-08-2021 16:11:10,2.950,6.418
183,05-08-2021 16:11:14,3.030,6.449
184,05-08-2021 16:11:19,3.136,6.427
185,05-08-2021 16:11:23,3.218,6.425
186,05-08-2021 16:11:27,3.301,6.522
187,05-08-2021 16:11:31,3.384,6.574
188,05-08-2021 16:11:35,3.466,6.563
189,05-08-2021 16:11:40,3.570,6.623
190,05-08-2021 16:11:45,3.676,6.710
191,05-08-2021 16:11:50,3.779,6.899
192,05-08-2021 16:11:55,3.884,6.995
193,05-08-2021 16:11:59,3.966,7.271
194,05-08-2021 16:12:04,4.066,7.442
195,05-08-2021 16:12:09,4.171,7.677
196,05-08-2021 16:12:13,4.257,7.830
197,05-08-2021 16:12:17,4.340,7.959
198,05-08-2021 16:12:22,4.444,8.171
199,05-08-2021 16:12:26,4.529,8.353
200,05-08-2021 16:12:30,4.608,8.544
201,05-08-2021 16:12:37,4.753,8.824
202,05-08-2021 16:12:41,4.837,9.255
203,05-08-2021 16:12:46,4.940,9.644
204,05-08-2021 16:12:50,5.022,9.912
205,05-08-2021 16:12:55,5.127,10.254
206,05-08-2021 16:13:00,5.228,10.568
207,05-08-2021 16:13:04,5.308,10.883
208,05-08-2021 16:13:08,5.391,11.240
209,05-08-2021 16:13:14,5.516,11.467
210,05-08-2021 16:13:18,5.602,11.723
211,05-08-2021 16:13:23,5.704,11.945
212,05-08-2021 16:13:28,5.807,12.267
213,05-08-2021 16:13:33,5.910,12.356
214,05-08-2021 16:13:38,6.015,12.700
215,05-08-2021 16:13:43,6.120,12.796
216,05-08-2021 16:13:49,6.244,12.855
217,05-08-2021 16:13:54,6.345,13.192
218,05-08-2021 16:13:59,6.453,13.249
219,05-08-2021 16:14:03,6.537,13.179
220,05-08-2021 16:14:08,6.644,13.207
221,05-08-2021 16:14:13,6.753,13.309
222,05-08-2021 16:14:18,6.859,13.389
223,05-08-2021 16:14:23,6.958,13.411
224,05-08-2021 16:14:27,7.042,13.310
225,05-08-2021 16:14:31,7.124,13.729
226,05-08-2021 16:14:36,7.230,13.957
227,05-08-2021 16:14:40,7.314,14.121
228,05-08-2021 16:14:44,7.397,14.749
229,05-08-2021 16:14:48,7.480,15.188
230,05-08-2021 16:14:53,7.585,15.639
231,05-08-2021 16:14:58,7.689,16.040
232,05-08-2021 16:15:02,7.770,16.537
233,05-08-2021 16:15:06,7.857,16.769
234,05-08-2021 16:15:12,7.983,17.031
235,05-08-2021 16:15:16,8.069,17.179
236,05-08-2021 16:15:19,8.129,16.984
237,05-08-2021 16:15:23,8.212,17.070
238,05-08-2021 16:15:28,8.320,17.101
239,05-08-2021 16:15:33,8.425,17.389
240,05-08-2021 16:15:39,8.551,17.571
241,05-08-2021 16:15:44,8.654,17.650
242,05-08-2021 16:15:48,8.739,17.672
243,05-08-2021 16:15:53,8.841,17.697
244,05-08-2021 16:15:56,8.906,17.716
245,05-08-2021 16:16:01,9.009,17.638
246,05-08-2021 16:16:05,9.091,17.765
247,05-08-2021 16:16:09,9.172,17.786
248,05-08-2021 16:16:17,9.343,17.831
249,05-08-2021 16:16:23,9.468,17.864
250,05-08-2021 16:16:27,9.553,17.887
251,05-08-2021 16:16:32,9.661,17.815
252,05-08-2021 16:16:37,9.766,17.748
253,05-08-2021 16:16:43,9.889,17.748
254,05-08-2021 16:16:48,9.991,17.806
255,05-08-2021 16:16:54,10.113,17.837
256,05-08-2021 16:16:59,10.220,17.870
257,05-08-2021 16:17:04,10.323,18.008
258,05-08-2021 16:17:10,10.447,17.987
259,05-08-2021 16:17:14,10.534,17.721
260,05-08-2021 16:17:19,10.638,17.900
261,05-08-2021 16:17:23,10.724,18.210
262,05-08-2021 16:17:28,10.830,18.085
263,05-08-2021 16:17:32,10.913,17.924
264,05-08-2021 16:17:37,11.016,18.048
265,05-08-2021 16:17:41,11.099,18.013
266,05-08-2021 16:17:45,11.182,17.897
267,05-08-2021 16:17:51,11.308,17.566
268,05-08-2021 16:17:55,11.394,17.505
269,05-08-2021 16:17:59,11.478,17.390
270,05-08-2021 16:18:03,11.563,17.421
271,05-08-2021 16:18:07,11.647,17.215
272,05-08-2021 16:18:11,11.711,17.362
273,05-08-2021 16:26:24,0.000,0.000
274,05-08-2021 16:26:28,0.084,0.003
275,05-08-2021 16:26:31,0.149,0.000
276,05-08-2021 16:26:36,0.254,0.260
277,05-08-2021 16:26:41,0.358,0.272
278,05-08-2021 16:26:46,0.460,0.297
279,05-08-2021 16:26:51,0.564,0.373
280,05-08-2021 16:26:56,0.672,0.539
281,05-08-2021 16:27:01,0.777,0.793
282,05-08-2021 16:27:06,0.882,1.140
283,05-08-2021 16:27:11,0.982,1.560
284,05-08-2021 16:27:17,1.105,2.171
285,05-08-2021 16:27:21,1.189,2.609
286,05-08-2021 16:27:25,1.271,3.080
287,05-08-2021 16:27:29,1.356,3.579
288,05-08-2021 16:27:34,1.459,4.166
289,05-08-2021 16:27:40,1.583,4.885
290,05-08-2021 16:27:45,1.686,5.437
291,05-08-2021 16:27:50,1.791,5.935
292,05-08-2021 16:27:53,1.853,6.187
293,05-08-2021 16:27:58,1.954,6.503
294,05-08-2021 16:28:02,2.036,6.730
295,05-08-2021 16:28:07,2.141,7.015
296,05-08-2021 16:28:12,2.242,7.136
297,05-08-2021 16:28:17,2.346,7.113
298,05-08-2021 16:28:22,2.448,7.106
299,05-08-2021 16:28:26,2.531,7.144
300,05-08-2021 16:28:30,2.614,7.150
301,05-08-2021 16:28:34,2.695,7.205
302,05-08-2021 16:28:39,2.796,7.266
303,05-08-2021 16:28:44,2.902,7.446
304,05-08-2021 16:28:49,3.005,7.648
305,05-08-2021 16:28:54,3.109,7.951
306,05-08-2021 16:29:00,3.232,8.290
307,05-08-2021 16:29:05,3.336,8.630
308,05-08-2021 16:29:09,3.418,8.990
309,05-08-2021 16:29:16,3.567,9.746
310,05-08-2021 16:29:19,3.630,10.078
311,05-08-2021 16:29:24,3.734,10.695
312,05-08-2021 16:29:29,3.838,11.332
313,05-08-2021 16:29:36,3.983,12.188
314,05-08-2021 16:29:40,4.067,12.737
315,05-08-2021 16:29:46,4.192,13.374
316,05-08-2021 16:29:51,4.296,13.868
317,05-08-2021 16:29:57,4.420,14.401
318,05-08-2021 16:30:01,4.501,14.750
319,05-08-2021 16:30:06,4.605,15.069
320,05-08-2021 16:30:11,4.710,15.240
321,05-08-2021 16:30:15,4.792,15.264
322,05-08-2021 16:30:19,4.875,15.374
323,05-08-2021 16:30:24,4.978,15.635
324,05-08-2021 16:30:30,5.103,15.526
325,05-08-2021 16:30:35,5.205,15.673
326,05-08-2021 16:30:40,5.307,15.908
327,05-08-2021 16:30:45,5.408,16.304
328,05-08-2021 16:30:50,5.515,16.817
329,05-08-2021 16:30:55,5.619,17.405
330,05-08-2021 16:31:00,5.723,18.172
331,05-08-2021 16:31:06,5.847,18.749
332,05-08-2021 16:31:09,5.910,19.022
333,05-08-2021 16:31:14,6.015,19.108
334,05-08-2021 16:31:19,6.117,19.108
335,05-08-2021 16:31:24,6.220,19.214
336,05-08-2021 16:31:32,6.385,19.289
337,05-08-2021 16:31:36,6.472,19.484
338,05-08-2021 16:31:40,6.559,19.547
339,05-08-2021 16:31:45,6.660,19.634
340,05-08-2021 16:31:50,6.765,19.661
341,05-08-2021 16:31:55,6.869,19.677
342,05-08-2021 16:31:57,6.910,19.624
343,05-08-2021 16:32:01,6.994,19.582
344,05-08-2021 16:32:07,7.119,19.713
345,05-08-2021 16:32:12,7.223,19.657
346,05-08-2021 16:32:16,7.306,19.684
347,05-08-2021 16:32:22,7.431,19.643
348,05-08-2021 16:32:26,7.511,19.960
349,05-08-2021 16:32:32,7.634,20.119
350,05-08-2021 16:32:37,7.744,20.172
351,05-08-2021 16:32:42,7.851,20.214
352,05-08-2021 16:32:48,7.973,20.155
353,05-08-2021 16:32:52,8.055,20.194
354,05-08-2021 16:32:57,8.160,20.046
355,05-08-2021 16:33:02,8.263,20.046
356,05-08-2021 16:33:07,8.366,19.674
357,05-08-2021 16:33:11,8.451,19.733
358,05-08-2021 16:33:15,8.536,19.563
359,05-08-2021 16:33:20,8.642,19.693
360,05-08-2021 16:33:24,8.728,19.602
361,05-08-2021 16:33:29,8.830,19.584
362,05-08-2021 16:33:34,8.934,19.425
363,05-08-2021 16:33:39,9.039,19.395
364,05-08-2021 16:33:43,9.122,19.281
365,05-08-2021 16:33:48,9.228,18.930
366,05-08-2021 16:33:52,9.310,18.718
367,05-08-2021 16:33:57,9.415,18.696
368,05-08-2021 16:34:00,9.477,18.693
369,05-08-2021 16:34:05,9.580,18.584
370,05-08-2021 16:34:10,9.685,18.675
371,05-08-2021 16:34:14,9.768,18.668
372,05-08-2021 16:34:18,9.849,18.577
373,05-08-2021 16:34:24,9.976,18.292
374,05-08-2021 16:34:29,10.080,18.486
375,05-08-2021 16:34:34,10.184,18.435
376,05-08-2021 16:34:38,10.265,18.490
377,05-08-2021 16:34:42,10.352,18.488
378,05-08-2021 16:34:45,10.414,18.419
379,05-08-2021 16:34:50,10.514,18.455
380,05-08-2021 16:34:55,10.619,18.466
381,05-08-2021 16:35:00,10.720,18.317
382,05-08-2021 16:35:04,10.803,18.425
383,05-08-2021 16:35:07,10.867,18.368
384,05-08-2021 16:35:12,10.972,18.324
385,05-08-2021 16:35:16,11.057,18.527
386,05-08-2021 16:35:20,11.138,18.623
387,05-08-2021 16:35:26,11.262,16.257
388,05-08-2021 16:35:30,11.350,16.119
389,05-08-2021 16:35:35,11.454,16.130
390,05-08-2021 16:35:41,11.580,16.242
391,05-08-2021 16:35:45,11.660,16.377
392,05-08-2021 16:35:50,11.765,16.335
393,05-08-2021 16:35:54,11.846,16.361
394,05-08-2021 16:35:59,11.948,16.468
395,05-08-2021 16:36:04,12.052,16.378
396,05-08-2021 16:36:09,12.155,16.467
397,05-08-2021 16:36:13,12.236,16.467
398,05-08-2021 16:36:17,12.318,16.309
399,05-08-2021 16:36:22,12.422,16.370
400,05-08-2021 16:36:26,12.505,16.351
401,05-08-2021 16:36:30,12.591,16.511
402,05-08-2021 16:36:35,12.697,16.313
403,05-08-2021 16:36:40,12.800,16.292
404,05-08-2021 16:36:44,12.884,16.266
405,05-08-2021 16:36:49,12.988,16.332
406,05-08-2021 16:36:54,13.090,16.351
407,05-08-2021 16:36:59,13.194,16.577
408,05-08-2021 16:37:04,13.299,16.457
409,05-08-2021 16:37:08,13.386,16.621
410,05-08-2021 16:37:14,13.511,16.736
411,05-08-2021 16:37:20,13.638,16.645
412,05-08-2021 16:37:25,13.648,16.569
413,05-08-2021 16:44:06,0.000,0.000
414,05-08-2021 16:44:10,0.083,0.000
415,05-08-2021 16:44:15,0.188,0.000
416,05-08-2021 16:44:20,0.292,0.000
417,05-08-2021 16:44:25,0.398,0.323
418,05-08-2021 16:44:30,0.499,0.425
419,05-08-2021 16:44:34,0.584,0.602
420,05-08-2021 16:44:39,0.689,0.957
421,05-08-2021 16:44:43,0.773,1.354
422,05-08-2021 16:44:45,0.814,1.577
423,05-08-2021 16:44:47,0.855,1.822
424,05-08-2021 16:44:52,0.955,2.514
425,05-08-2021 16:44:57,1.058,3.293
426,05-08-2021 16:45:01,1.141,3.978
427,05-08-2021 16:45:06,1.245,4.852
428,05-08-2021 16:45:10,1.329,5.570
429,05-08-2021 16:45:15,1.431,6.335
430,05-08-2021 16:45:20,1.537,7.053
431,05-08-2021 16:45:26,1.663,7.785
432,05-08-2021 16:45:30,1.741,8.129
433,05-08-2021 16:45:34,1.822,8.283
434,05-08-2021 16:45:39,1.925,8.343
435,05-08-2021 16:45:43,2.007,8.473
436,05-08-2021 16:45:48,2.112,8.341
437,05-08-2021 16:45:52,2.195,8.375
438,05-08-2021 16:45:56,2.283,8.496
439,05-08-2021 16:46:01,2.387,8.637
440,05-08-2021 16:46:06,2.489,8.637
441,05-08-2021 16:46:11,2.594,8.928
442,05-08-2021 16:46:15,2.677,9.169
443,05-08-2021 16:46:21,2.803,9.388
444,05-08-2021 16:46:26,2.904,9.734
445,05-08-2021 16:46:31,3.007,10.318
446,05-08-2021 16:46:35,3.089,10.644
447,05-08-2021 16:46:39,3.173,11.254
448,05-08-2021 16:46:45,3.300,11.956
449,05-08-2021 16:46:50,3.403,12.640
450,05-08-2021 16:46:56,3.530,13.431
451,05-08-2021 16:47:01,3.633,14.153
452,05-08-2021 16:47:06,3.739,14.799
453,05-08-2021 16:47:09,3.802,15.150
454,05-08-2021 16:47:14,3.904,15.782
455,05-08-2021 16:47:19,4.009,16.370
456,05-08-2021 16:47:24,4.113,16.610
457,05-08-2021 16:47:29,4.217,17.163
458,05-08-2021 16:47:32,4.279,17.189
459,05-08-2021 16:47:37,4.383,17.331
460,05-08-2021 16:47:42,4.487,17.489
461,05-08-2021 16:47:48,4.609,17.598
462,05-08-2021 16:47:53,4.714,17.547
463,05-08-2021 16:47:58,4.817,17.547
464,05-08-2021 16:48:02,4.898,18.067
465,05-08-2021 16:48:08,5.021,18.509
466,05-08-2021 16:48:13,5.126,18.875
467,05-08-2021 16:48:17,5.211,19.166
468,05-08-2021 16:48:22,5.313,19.846
469,05-08-2021 16:48:27,5.419,20.418
470,05-08-2021 16:48:32,5.528,20.723
471,05-08-2021 16:48:37,5.634,20.977
472,05-08-2021 16:48:42,5.737,21.137
473,05-08-2021 16:48:47,5.842,21.119
474,05-08-2021 16:48:52,5.948,21.469
475,05-08-2021 16:48:58,6.074,21.801
476,05-08-2021 16:49:02,6.155,21.826
477,05-08-2021 16:49:06,6.237,21.850
478,05-08-2021 16:49:11,6.345,21.867
479,05-08-2021 16:49:16,6.451,21.867
480,05-08-2021 16:49:21,6.552,21.867
481,05-08-2021 16:49:26,6.660,21.831
482,05-08-2021 16:49:31,6.768,21.936
483,05-08-2021 16:49:38,6.915,21.944
484,05-08-2021 16:49:42,7.001,21.943
485,05-08-2021 16:49:46,7.085,21.896
486,05-08-2021 16:49:51,7.187,22.043
487,05-08-2021 16:49:56,7.293,21.902
488,05-08-2021 16:50:01,7.398,22.213
489,05-08-2021 16:50:06,7.500,22.207
490,05-08-2021 16:50:10,7.584,22.419
491,05-08-2021 16:50:13,7.647,22.106
492,05-08-2021 16:50:16,7.710,21.781
493,05-08-2021 16:50:20,7.791,22.018
494,05-08-2021 16:50:24,7.874,21.805
495,05-08-2021 16:50:29,7.978,21.785
496,05-08-2021 16:50:34,8.080,21.484
497,05-08-2021 16:50:38,8.163,21.835
498,05-08-2021 16:50:43,8.266,21.835
499,05-08-2021 16:50:48,8.371,21.630
500,05-08-2021 16:50:54,8.495,21.390
501,05-08-2021 16:50:59,8.603,21.285
502,05-08-2021 16:51:03,8.687,21.066
503,05-08-2021 16:51:08,8.790,21.118
504,05-08-2021 16:51:14,8.913,21.026
505,05-08-2021 16:51:20,9.036,21.050
506,05-08-2021 16:51:25,9.141,21.370
507,05-08-2021 16:51:30,9.245,21.069
508,05-08-2021 16:51:34,9.329,21.261
509,05-08-2021 16:51:39,9.434,20.885
510,05-08-2021 16:51:45,9.561,20.825
511,05-08-2021 16:51:50,9.664,20.680
512,05-08-2021 16:51:55,9.764,20.967
513,05-08-2021 16:52:00,9.867,18.870
514,05-08-2021 16:52:05,9.971,18.741
515,05-08-2021 16:52:10,10.074,18.835
516,05-08-2021 16:52:16,10.198,18.847
517,05-08-2021 16:52:21,10.301,18.915
518,05-08-2021 16:52:26,10.404,19.153
519,05-08-2021 16:52:30,10.492,19.384
520,05-08-2021 16:52:34,10.574,19.062
521,05-08-2021 16:52:40,10.701,18.789
522,05-08-2021 16:52:45,10.810,18.926
523,05-08-2021 16:52:50,10.916,19.078
524,05-08-2021 16:52:55,11.022,18.649
525,05-08-2021 16:53:00,11.125,18.760
526,05-08-2021 16:53:04,11.206,19.197
527,05-08-2021 16:53:09,11.309,19.161
528,05-08-2021 16:53:12,11.372,19.311
529,05-08-2021 16:53:16,11.453,19.223
530,05-08-2021 16:53:21,11.553,19.060
531,05-08-2021 16:53:25,11.639,19.161
532,05-08-2021 16:53:28,11.698,19.203
533,05-08-2021 17:01:54,0.000,0.000
534,05-08-2021 17:02:00,0.127,0.000
535,05-08-2021 17:02:05,0.228,0.000
536,05-08-2021 17:02:10,0.334,0.009
537,05-08-2021 17:02:15,0.437,0.000
538,05-08-2021 17:02:20,0.540,0.323
539,05-08-2021 17:02:25,0.645,0.354
540,05-08-2021 17:02:30,0.748,0.420
541,05-08-2021 17:02:35,0.850,0.522
542,05-08-2021 17:02:40,0.954,0.670
543,05-08-2021 17:02:45,1.060,0.870
544,05-08-2021 17:02:50,1.166,1.120
545,05-08-2021 17:02:54,1.249,1.351
546,05-08-2021 17:02:59,1.351,1.691
547,05-08-2021 17:03:03,1.436,1.990
548,05-08-2021 17:03:08,1.545,2.425
549,05-08-2021 17:03:13,1.651,2.889
550,05-08-2021 17:03:18,1.756,3.316
551,05-08-2021 17:03:22,1.843,3.695
552,05-08-2021 17:03:28,1.967,4.312
553,05-08-2021 17:03:33,2.070,4.765
554,05-08-2021 17:03:38,2.175,5.240
555,05-08-2021 17:03:44,2.301,5.714
556,05-08-2021 17:03:50,2.423,6.195
557,05-08-2021 17:03:55,2.528,6.571
558,05-08-2021 17:04:01,2.648,6.831
559,05-08-2021 17:04:06,2.755,7.082
560,05-08-2021 17:04:11,2.859,7.320
561,05-08-2021 17:04:17,2.987,7.408
562,05-08-2021 17:04:21,3.073,7.484
563,05-08-2021 17:04:26,3.173,7.582
564,05-08-2021 17:04:29,3.238,7.517
565,05-08-2021 17:04:34,3.342,7.626
566,05-08-2021 17:04:39,3.443,7.679
567,05-08-2021 17:04:43,3.527,7.704
568,05-08-2021 17:04:48,3.632,7.708
569,05-08-2021 17:04:52,3.716,7.755
570,05-08-2021 17:04:58,3.841,7.827
571,05-08-2021 17:05:03,3.945,7.851
572,05-08-2021 17:05:08,4.049,8.080
573,05-08-2021 17:05:12,4.133,8.291
574,05-08-2021 17:05:18,4.256,8.486
575,05-08-2021 17:05:23,4.360,8.803
576,05-08-2021 17:05:27,4.446,9.171
577,05-08-2021 17:05:33,4.569,9.527
578,05-08-2021 17:05:37,4.652,9.784
579,05-08-2021 17:05:42,4.757,10.246
580,05-08-2021 17:05:47,4.862,10.697
581,05-08-2021 17:05:51,4.947,11.073
582,05-08-2021 17:05:56,5.052,11.752
583,05-08-2021 17:06:03,5.194,12.657
584,05-08-2021 17:06:07,5.275,13.069
585,05-08-2021 17:06:11,5.359,13.487
586,05-08-2021 17:06:15,5.445,14.007
587,05-08-2021 17:06:19,5.528,14.381
588,05-08-2021 17:06:24,5.630,15.006
589,05-08-2021 17:06:29,5.734,15.375
590,05-08-2021 17:06:34,5.843,15.928
591,05-08-2021 17:06:39,5.946,16.319
592,05-08-2021 17:06:43,6.030,16.575
593,05-08-2021 17:06:48,6.136,16.959
594,05-08-2021 17:06:53,6.241,17.325
595,05-08-2021 17:06:57,6.324,17.548
596,05-08-2021 17:07:02,6.426,17.525
597,05-08-2021 17:07:06,6.507,17.634
598,05-08-2021 17:07:11,6.615,17.657
599,05-08-2021 17:07:15,6.698,17.568
600,05-08-2021 17:07:20,6.803,17.662
601,05-08-2021 17:07:25,6.910,17.870
602,05-08-2021 17:07:31,7.035,18.014
603,05-08-2021 17:07:37,7.156,18.584
604,05-08-2021 17:07:42,7.258,19.333
605,05-08-2021 17:07:47,7.366,20.190
606,05-08-2021 17:07:52,7.470,20.908
607,05-08-2021 17:07:56,7.552,21.436
608,05-08-2021 17:08:00,7.635,22.056
609,05-08-2021 17:08:04,7.717,22.320
610,05-08-2021 17:08:08,7.801,22.668
611,05-08-2021 17:08:13,7.902,22.832
612,05-08-2021 17:08:18,8.005,22.846
613,05-08-2021 17:08:22,8.087,22.831
614,05-08-2021 17:08:26,8.172,22.953
615,05-08-2021 17:08:30,8.256,23.152
616,05-08-2021 17:08:35,8.361,23.263
617,05-08-2021 17:08:40,8.464,23.298
618,05-08-2021 17:08:44,8.546,23.325
619,05-08-2021 17:08:49,8.649,23.226
620,05-08-2021 17:08:54,8.753,23.314
621,05-08-2021 17:09:00,8.877,23.376
622,05-08-2021 17:09:05,8.982,23.432
623,05-08-2021 17:09:10,9.087,23.469
624,05-08-2021 17:09:15,9.192,23.550
625,05-08-2021 17:09:20,9.298,23.437
626,05-08-2021 17:09:24,9.383,23.318
627,05-08-2021 17:09:28,9.466,23.314
628,05-08-2021 17:09:32,9.546,23.483
629,05-08-2021 17:09:36,9.628,23.518
630,05-08-2021 17:09:40,9.712,23.408
631,05-08-2021 17:09:44,9.792,23.530
632,05-08-2021 17:09:50,9.916,23.648
633,05-08-2021 17:09:54,9.999,23.725
634,05-08-2021 17:09:59,10.101,23.872
635,05-08-2021 17:10:03,10.182,23.843
636,05-08-2021 17:10:09,10.309,23.569
637,05-08-2021 17:10:14,10.414,23.878
638,05-08-2021 17:10:19,10.517,23.980
639,05-08-2021 17:10:23,10.599,24.290
640,05-08-2021 17:10:27,10.681,24.109
641,05-08-2021 17:10:31,10.768,23.737
642,05-08-2021 17:10:36,10.875,23.943
643,05-08-2021 17:10:41,10.980,23.821
644,05-08-2021 17:10:47,11.103,23.807
645,05-08-2021 17:10:51,11.187,23.944
646,05-08-2021 17:10:56,11.296,23.844
647,05-08-2021 17:11:01,11.401,23.708
648,05-08-2021 17:11:06,11.506,23.804
649,05-08-2021 17:11:10,11.589,23.640
650,05-08-2021 17:11:15,11.691,23.847
651,05-08-2021 17:11:20,11.793,23.776
652,05-08-2021 17:11:25,11.866,23.705
653,05-08-2021 17:18:59,0.000,0.000
654,05-08-2021 17:19:02,0.060,0.001
655,05-08-2021 17:19:06,0.141,0.000
656,05-08-2021 17:19:12,0.266,0.000
657,05-08-2021 17:19:17,0.370,0.359
658,05-08-2021 17:19:22,0.473,0.386
659,05-08-2021 17:19:28,0.596,0.503
660,05-08-2021 17:19:32,0.677,0.644
661,05-08-2021 17:19:38,0.801,0.978
662,05-08-2021 17:19:43,0.903,1.369
663,05-08-2021 17:19:48,1.006,1.851
664,05-08-2021 17:19:51,1.066,2.174
665,05-08-2021 17:19:56,1.170,2.769
666,05-08-2021 17:20:01,1.275,3.470
667,05-08-2021 17:20:07,1.399,4.337
668,05-08-2021 17:20:11,1.484,4.939
669,05-08-2021 17:20:18,1.632,5.884
670,05-08-2021 17:20:23,1.738,6.525
671,05-08-2021 17:20:27,1.821,7.075
672,05-08-2021 17:20:33,1.945,7.662
673,05-08-2021 17:20:38,2.046,7.984
674,05-08-2021 17:20:44,2.172,8.372
675,05-08-2021 17:20:48,2.254,8.631
676,05-08-2021 17:20:53,2.358,8.988
677,05-08-2021 17:20:57,2.439,9.076
678,05-08-2021 17:21:04,2.584,9.184
679,05-08-2021 17:21:09,2.686,9.163
680,05-08-2021 17:21:14,2.789,9.094
681,05-08-2021 17:21:19,2.895,9.342
682,05-08-2021 17:21:26,3.042,9.755
683,05-08-2021 17:21:31,3.145,10.067
684,05-08-2021 17:21:36,3.249,10.557
685,05-08-2021 17:21:41,3.353,11.051
686,05-08-2021 17:21:46,3.457,11.792
687,05-08-2021 17:21:51,3.563,12.567
688,05-08-2021 17:21:56,3.668,13.402
689,05-08-2021 17:22:01,3.772,14.356
690,05-08-2021 17:22:07,3.894,15.137
691,05-08-2021 17:22:12,3.998,15.938
692,05-08-2021 17:22:17,4.099,16.978
693,05-08-2021 17:22:22,4.203,17.853
694,05-08-2021 17:22:27,4.307,18.364
695,05-08-2021 17:22:32,4.416,18.940
696,05-08-2021 17:22:37,4.522,19.145
697,05-08-2021 17:22:41,4.609,19.602
698,05-08-2021 17:22:46,4.714,19.590
699,05-08-2021 17:22:51,4.820,19.664
700,05-08-2021 17:22:56,4.925,19.733
701,05-08-2021 17:23:00,5.012,19.856
702,05-08-2021 17:23:04,5.094,19.966
703,05-08-2021 17:23:09,5.197,20.204
704,05-08-2021 17:23:14,5.296,20.351
705,05-08-2021 17:23:19,5.399,20.621
706,05-08-2021 17:23:24,5.501,21.070
707,05-08-2021 17:23:28,5.585,21.525
708,05-08-2021 17:23:33,5.689,22.509
709,05-08-2021 17:23:38,5.795,23.064
710,05-08-2021 17:23:43,5.897,23.585
711,05-08-2021 17:23:48,6.000,23.761
712,05-08-2021 17:23:52,6.082,24.729
713,05-08-2021 17:23:57,6.187,25.079
714,05-08-2021 17:24:03,6.313,25.529
715,05-08-2021 17:24:08,6.415,25.639
716,05-08-2021 17:24:13,6.519,25.533
717,05-08-2021 17:24:18,6.623,25.713
718,05-08-2021 17:24:23,6.728,26.084
719,05-08-2021 17:24:28,6.829,26.333
720,05-08-2021 17:24:33,6.932,26.372
721,05-08-2021 17:24:37,7.011,26.396
722,05-08-2021 17:24:43,7.135,26.348
723,05-08-2021 17:24:49,7.258,26.268
724,05-08-2021 17:24:53,7.339,26.297
725,05-08-2021 17:24:59,7.462,26.195
726,05-08-2021 17:25:04,7.568,26.398
727,05-08-2021 17:25:09,7.674,26.304
728,05-08-2021 17:25:13,7.755,26.158
729,05-08-2021 17:25:19,7.879,26.379
730,05-08-2021 17:25:24,7.982,26.435
731,05-08-2021 17:25:29,8.088,26.153
732,05-08-2021 17:25:34,8.193,26.247
733,05-08-2021 17:25:38,8.274,26.469
734,05-08-2021 17:25:44,8.400,26.662
735,05-08-2021 17:25:49,8.506,26.313
736,05-08-2021 17:25:54,8.609,26.322
737,05-08-2021 17:25:59,8.715,25.730
738,05-08-2021 17:26:05,8.841,25.064
739,05-08-2021 17:26:11,8.967,25.346
740,05-08-2021 17:26:16,9.073,24.947
741,05-08-2021 17:26:21,9.177,24.928
742,05-08-2021 17:26:25,9.260,25.448
743,05-08-2021 17:26:30,9.362,25.057
744,05-08-2021 17:26:36,9.486,25.245
745,05-08-2021 17:26:41,9.592,25.254
746,05-08-2021 17:26:46,9.699,25.225
747,05-08-2021 17:26:50,9.783,25.689
748,05-08-2021 17:26:55,9.885,25.522
749,05-08-2021 17:27:02,10.031,23.515
750,05-08-2021 17:27:07,10.137,23.458
751,05-08-2021 17:27:12,10.240,23.563
752,05-08-2021 17:27:17,10.346,23.720
753,05-08-2021 17:27:22,10.448,24.068
754,05-08-2021 17:27:26,10.530,23.845
755,05-08-2021 17:27:31,10.638,24.183
756,05-08-2021 17:27:35,10.722,23.864
757,05-08-2021 17:27:39,10.810,24.064
758,05-08-2021 17:27:43,10.890,23.763
759,05-08-2021 17:27:47,10.974,23.861
760,05-08-2021 17:27:52,11.079,23.869
761,05-08-2021 17:27:57,11.180,24.065
762,05-08-2021 17:28:01,11.263,24.225
763,05-08-2021 17:28:06,11.367,24.156
764,05-08-2021 17:28:11,11.471,24.706
765,05-08-2021 17:28:15,11.556,24.617
766,05-08-2021 17:28:20,11.659,24.375
767,05-08-2021 17:28:24,11.743,23.702
768,05-08-2021 17:28:28,11.826,23.928
769,05-08-2021 17:28:32,11.910,23.897
770,05-08-2021 17:28:37,12.014,23.846
771,05-08-2021 17:28:43,12.137,24.109
772,05-08-2021 17:28:48,12.238,24.500
773,05-08-2021 17:28:52,12.318,24.566
774,05-08-2021 17:28:56,12.399,24.587
775,05-08-2021 17:29:01,12.502,25.019
776,05-08-2021 17:29:05,12.587,24.662
777,05-08-2021 17:29:10,12.689,25.037
778,05-08-2021 17:29:15,12.794,25.133
779,05-08-2021 17:29:20,12.897,24.836
780,05-08-2021 17:29:25,13.001,24.884
781,05-08-2021 17:29:29,13.084,24.700
782,05-08-2021 17:29:33,13.126,24.832
783,05-08-2021 17:37:18,0.000,0.000
784,05-08-2021 17:37:23,0.099,0.000
785,05-08-2021 17:37:29,0.223,0.000
786,05-08-2021 17:37:32,0.285,0.395
787,05-08-2021 17:37:37,0.386,0.416
788,05-08-2021 17:37:41,0.471,0.497
789,05-08-2021 17:37:47,0.592,0.788
790,05-08-2021 17:37:50,0.657,1.044
791,05-08-2021 17:37:55,0.764,1.625
792,05-08-2021 17:38:00,0.873,2.415
793,05-08-2021 17:38:06,0.994,3.452
794,05-08-2021 17:38:11,1.100,4.471
795,05-08-2021 17:38:16,1.205,5.545
796,05-08-2021 17:38:22,1.331,6.722
797,05-08-2021 17:38:27,1.435,7.597
798,05-08-2021 17:38:32,1.540,8.307
799,05-08-2021 17:38:37,1.645,8.839
800,05-08-2021 17:38:42,1.750,9.212
801,05-08-2021 17:38:46,1.835,9.415
802,05-08-2021 17:38:49,1.898,9.478
803,05-08-2021 17:38:54,2.001,9.482
804,05-08-2021 17:38:59,2.105,9.520
805,05-08-2021 17:39:03,2.185,9.544
806,05-08-2021 17:39:08,2.290,9.643
807,05-08-2021 17:39:13,2.395,9.860
808,05-08-2021 17:39:18,2.500,10.139
809,05-08-2021 17:39:23,2.604,10.631
810,05-08-2021 17:39:29,2.729,11.214
811,05-08-2021 17:39:34,2.835,11.926
812,05-08-2021 17:39:39,2.937,12.751
813,05-08-2021 17:39:44,3.041,13.528
814,05-08-2021 17:39:49,3.148,14.497
815,05-08-2021 17:39:55,3.274,15.822
816,05-08-2021 17:39:59,3.358,16.630
817,05-08-2021 17:40:03,3.440,17.313
818,05-08-2021 17:40:07,3.525,18.098
819,05-08-2021 17:40:13,3.654,19.276
820,05-08-2021 17:40:17,3.739,19.886
821,05-08-2021 17:40:23,3.864,20.877
822,05-08-2021 17:40:28,3.964,21.567
823,05-08-2021 17:40:33,4.066,21.944
824,05-08-2021 17:40:38,4.165,22.129
825,05-08-2021 17:40:43,4.270,22.218
826,05-08-2021 17:40:47,4.352,22.217
827,05-08-2021 17:40:52,4.454,22.352
828,05-08-2021 17:40:55,4.514,22.326
829,05-08-2021 17:40:59,4.598,22.659
830,05-08-2021 17:41:04,4.701,22.760
831,05-08-2021 17:41:08,4.789,22.950
832,05-08-2021 17:41:13,4.893,23.728
833,05-08-2021 17:41:17,4.977,24.066
834,05-08-2021 17:41:21,5.061,24.617
835,05-08-2021 17:41:25,5.142,25.002
836,05-08-2021 17:41:28,5.203,25.430
837,05-08-2021 17:41:33,5.308,26.117
838,05-08-2021 17:41:39,5.432,26.700
839,05-08-2021 17:41:45,5.557,27.317
840,05-08-2021 17:41:49,5.637,27.440
841,05-08-2021 17:41:54,5.740,27.516
842,05-08-2021 17:42:01,5.887,27.643
843,05-08-2021 17:42:06,5.995,27.935
844,05-08-2021 17:42:10,6.081,28.175
845,05-08-2021 17:42:16,6.206,28.293
846,05-08-2021 17:42:20,6.294,28.414
847,05-08-2021 17:42:24,6.377,28.444
848,05-08-2021 17:42:29,6.478,28.468
849,05-08-2021 17:42:33,6.563,28.523
850,05-08-2021 17:42:38,6.669,28.523
851,05-08-2021 17:42:44,6.792,28.456
852,05-08-2021 17:42:49,6.896,28.519
853,05-08-2021 17:42:54,6.999,28.494
854,05-08-2021 17:42:59,7.103,28.327
855,05-08-2021 17:43:05,7.228,28.529
856,05-08-2021 17:43:09,7.309,28.687
857,05-08-2021 17:43:16,7.454,28.567
858,05-08-2021 17:43:20,7.538,28.394
859,05-08-2021 17:43:25,7.645,28.199
860,05-08-2021 17:43:29,7.728,27.876
861,05-08-2021 17:43:35,7.853,27.821
862,05-08-2021 17:43:41,7.977,27.301
863,05-08-2021 17:43:45,8.059,26.997
864,05-08-2021 17:43:49,8.142,26.664
865,05-08-2021 17:43:53,8.226,26.366
866,05-08-2021 17:43:58,8.327,26.007
867,05-08-2021 17:44:03,8.430,26.007
868,05-08-2021 17:44:09,8.557,25.324
869,05-08-2021 17:44:14,8.660,25.324
870,05-08-2021 17:44:18,8.746,25.196
871,05-08-2021 17:44:23,8.850,25.313
872,05-08-2021 17:44:28,8.953,25.118
873,05-08-2021 17:44:33,9.057,21.533
874,05-08-2021 17:44:38,9.161,21.506
875,05-08-2021 17:44:42,9.246,21.618
876,05-08-2021 17:44:47,9.351,21.556
877,05-08-2021 17:44:53,9.475,21.493
878,05-08-2021 17:44:58,9.580,21.388
879,05-08-2021 17:45:02,9.660,21.589
880,05-08-2021 17:45:08,9.782,21.690
881,05-08-2021 17:45:13,9.881,21.752
882,05-08-2021 17:45:18,9.985,21.768
883,05-08-2021 17:45:23,10.089,21.656
884,05-08-2021 17:45:27,10.172,21.897
885,05-08-2021 17:45:32,10.277,22.112
886,05-08-2021 17:45:37,10.379,21.937
887,05-08-2021 17:45:41,10.461,22.035
888,05-08-2021 17:45:46,10.564,21.965
889,05-08-2021 17:45:50,10.650,22.234
890,05-08-2021 17:45:55,10.754,22.193
891,05-08-2021 17:46:00,10.859,22.193
892,05-08-2021 17:46:04,10.945,22.063
893,05-08-2021 17:46:09,11.050,22.194
894,05-08-2021 17:46:13,11.134,22.093
895,05-08-2021 17:46:17,11.217,22.488
896,05-08-2021 17:46:22,11.322,22.281
897,05-08-2021 17:46:27,11.426,22.281
898,05-08-2021 17:46:32,11.532,22.223
899,05-08-2021 17:46:37,11.639,22.223
900,05-08-2021 17:46:42,11.742,22.242
901,05-08-2021 17:46:46,11.828,22.356
902,05-08-2021 17:46:52,11.953,22.373
903,05-08-2021 17:46:57,12.059,22.313
904,05-08-2021 17:47:02,12.163,22.283
905,05-08-2021 17:47:06,12.244,22.532
906,05-08-2021 17:47:13,12.391,22.474
907,05-08-2021 17:47:17,12.474,22.569
908,05-08-2021 17:47:22,12.578,22.447
909,05-08-2021 17:47:28,12.706,22.722
910,05-08-2021 17:47:33,12.811,22.834
911,05-08-2021 17:47:38,12.912,22.820
912,05-08-2021 17:47:43,13.014,22.869
913,05-08-2021 17:47:48,13.123,22.831
914,05-08-2021 17:47:53,13.228,22.836
915,05-08-2021 17:47:58,13.330,22.614
916,05-08-2021 17:48:01,13.393,22.888
917,05-08-2021 17:48:07,13.515,22.811
918,05-08-2021 17:48:12,13.621,22.863
919,05-08-2021 17:48:16,13.706,23.057
920,05-08-2021 17:48:21,13.807,22.901
921,05-08-2021 17:48:26,13.911,23.110
922,05-08-2021 17:48:31,14.016,23.127
923,05-08-2021 17:48:36,14.120,23.122
924,05-08-2021 17:48:40,14.204,23.288
925,05-08-2021 17:48:45,14.310,23.370
926,05-08-2021 17:48:50,14.411,23.499
927,05-08-2021 17:48:54,14.500,23.513
928,05-08-2021 17:49:00,14.627,23.365
929,05-08-2021 17:49:04,14.714,23.552
930,05-08-2021 17:49:11,14.862,23.728
931,05-08-2021 17:49:15,14.943,23.698
932,05-08-2021 17:49:20,15.046,23.611
933,05-08-2021 17:49:25,15.152,23.602
934,05-08-2021 17:49:30,15.160,23.613
935,05-08-2021 17:57:59,0.000,0.000
936,05-08-2021 17:58:04,0.102,0.008
937,05-08-2021 17:58:08,0.186,0.030
938,05-08-2021 17:58:13,0.288,0.000
939,05-08-2021 17:58:17,0.374,0.658
940,05-08-2021 17:58:22,0.476,1.315
941,05-08-2021 17:58:27,0.579,2.452
942,05-08-2021 17:58:32,0.682,4.065
943,05-08-2021 17:58:37,0.788,5.982
944,05-08-2021 17:58:41,0.871,7.531
945,05-08-2021 17:58:45,0.956,9.149
946,05-08-2021 17:58:49,1.038,10.395
947,05-08-2021 17:58:54,1.143,11.580
948,05-08-2021 17:58:59,1.244,12.474
949,05-08-2021 17:59:05,1.371,12.693
950,05-08-2021 17:59:09,1.455,12.710
951,05-08-2021 17:59:14,1.558,12.846
952,05-08-2021 17:59:19,1.663,13.058
953,05-08-2021 17:59:25,1.788,13.222
954,05-08-2021 17:59:31,1.917,13.774
955,05-08-2021 17:59:36,2.023,14.221
956,05-08-2021 17:59:41,2.126,14.877
957,05-08-2021 17:59:45,2.210,15.426
958,05-08-2021 17:59:50,2.314,16.234
959,05-08-2021 17:59:55,2.419,17.325
960,05-08-2021 18:00:00,2.522,18.186
961,05-08-2021 18:00:04,2.604,18.810
962,05-08-2021 18:00:08,2.687,19.391
963,05-08-2021 18:00:13,2.791,19.879
964,05-08-2021 18:00:19,2.913,20.525
965,05-08-2021 18:00:25,3.037,20.828
966,05-08-2021 18:00:32,3.183,21.174
967,05-08-2021 18:00:36,3.267,21.074
968,05-08-2021 18:00:40,3.351,21.334
969,05-08-2021 18:00:44,3.434,21.386
970,05-08-2021 18:00:47,3.494,21.800
971,05-08-2021 18:00:51,3.577,22.605
972,05-08-2021 18:00:56,3.681,23.891
973,05-08-2021 18:01:02,3.804,25.477
974,05-08-2021 18:01:07,3.908,26.759
975,05-08-2021 18:01:13,4.030,27.966
976,05-08-2021 18:01:18,4.136,28.376
977,05-08-2021 18:01:23,4.239,28.656
978,05-08-2021 18:01:30,4.387,28.875
979,05-08-2021 18:01:35,4.493,29.419
980,05-08-2021 18:01:39,4.577,29.611
981,05-08-2021 18:01:43,4.658,29.733
982,05-08-2021 18:01:47,4.742,29.762
983,05-08-2021 18:01:52,4.848,29.768
984,05-08-2021 18:01:57,4.956,29.531
985,05-08-2021 18:02:02,5.061,29.531
986,05-08-2021 18:02:04,5.106,29.651
987,05-08-2021 18:02:10,5.235,29.665
988,05-08-2021 18:02:15,5.339,29.534
989,05-08-2021 18:02:21,5.464,29.616
990,05-08-2021 18:02:26,5.568,29.228
991,05-08-2021 18:02:31,5.675,28.356
992,05-08-2021 18:02:37,5.802,27.461
993,05-08-2021 18:02:42,5.909,27.515
994,05-08-2021 18:02:47,6.016,27.030
995,05-08-2021 18:02:52,6.121,27.002
996,05-08-2021 18:02:58,6.245,27.003
997,05-08-2021 18:03:02,6.327,24.103
998,05-08-2021 18:03:06,6.408,24.392
999,05-08-2021 18:03:10,6.487,24.313
1000,05-08-2021 18:03:15,6.590,24.590
1001,05-08-2021 18:03:21,6.713,24.700
1002,05-08-2021 18:03:26,6.820,24.932
1003,05-08-2021 18:03:30,6.905,24.869
1004,05-08-2021 18:03:36,7.028,24.754
1005,05-08-2021 18:03:41,7.135,24.875
1006,05-08-2021 18:03:47,7.257,25.032
1007,05-08-2021 18:03:52,7.358,24.983
1008,05-08-2021 18:03:57,7.461,24.894
1009,05-08-2021 18:04:02,7.568,24.709
1010,05-08-2021 18:04:08,7.695,24.607
1011,05-08-2021 18:04:13,7.801,24.643
1012,05-08-2021 18:04:17,7.887,24.481
1013,05-08-2021 18:04:23,8.008,24.726
1014,05-08-2021 18:04:28,8.112,24.924
1015,05-08-2021 18:04:34,8.236,25.002
1016,05-08-2021 18:04:39,8.340,24.665
1017,05-08-2021 18:04:43,8.424,24.797
1018,05-08-2021 18:04:47,8.507,25.161
1019,05-08-2021 18:04:52,8.612,25.082
1020,05-08-2021 18:04:57,8.718,25.402
1021,05-08-2021 18:04:59,8.759,25.654
1022,05-08-2021 18:05:03,8.842,25.257
1023,05-08-2021 18:05:08,8.947,25.708
1024,05-08-2021 18:05:12,9.033,25.750
1025,05-08-2021 18:05:18,9.158,25.778
1026,05-08-2021 18:05:24,9.283,25.599
1027,05-08-2021 18:05:27,9.343,25.648
1028,05-08-2021 18:05:32,9.447,25.597
1029,05-08-2021 18:05:37,9.553,25.795
1030,05-08-2021 18:05:44,9.700,25.680
1031,05-08-2021 18:05:49,9.806,25.227
1032,05-08-2021 18:05:53,9.888,25.259
1033,05-08-2021 18:05:57,9.970,25.491
1034,05-08-2021 18:06:02,10.071,26.033
1035,05-08-2021 18:06:06,10.154,25.836
1036,05-08-2021 18:06:12,10.278,26.406
1037,05-08-2021 18:06:17,10.384,26.621
1038,05-08-2021 18:06:20,10.446,26.556
1039,05-08-2021 18:06:24,10.526,26.407
1040,05-08-2021 18:06:28,10.610,26.065
1041,05-08-2021 18:06:33,10.714,26.476
1042,05-08-2021 18:06:37,10.793,26.115
1043,05-08-2021 18:06:42,10.898,25.962
1044,05-08-2021 18:06:47,11.003,25.902
1045,05-08-2021 18:06:52,11.106,26.147
1046,05-08-2021 18:06:58,11.231,25.724
1047,05-08-2021 18:07:03,11.333,25.998
1048,05-08-2021 18:07:08,11.438,26.040
1049,05-08-2021 18:07:13,11.546,26.147
1050,05-08-2021 18:07:17,11.626,26.529
1051,05-08-2021 18:07:22,11.731,26.604
1052,05-08-2021 18:07:27,11.836,26.653
1053,05-08-2021 18:07:32,11.940,26.758
1054,05-08-2021 18:07:37,12.042,26.509
1055,05-08-2021 18:07:42,12.146,26.684
1056,05-08-2021 18:07:46,12.230,26.831
1057,05-08-2021 18:07:50,12.314,26.887
1058,05-08-2021 18:07:56,12.439,27.013
1059,05-08-2021 18:08:02,12.563,27.126
1060,05-08-2021 18:08:06,12.647,26.735
1061,05-08-2021 18:08:11,12.709,27.008
1062,05-08-2021 18:17:42,0.000,0.000
1063,05-08-2021 18:17:47,0.103,0.011
1064,05-08-2021 18:17:52,0.206,0.000
1065,05-08-2021 18:17:56,0.288,0.406
1066,05-08-2021 18:18:01,0.390,0.438
1067,05-08-2021 18:18:06,0.494,0.595
1068,05-08-2021 18:18:11,0.601,0.958
1069,05-08-2021 18:18:17,0.729,1.709
1070,05-08-2021 18:18:21,0.813,2.398
1071,05-08-2021 18:18:26,0.916,3.368
1072,05-08-2021 18:18:31,1.021,4.583
1073,05-08-2021 18:18:36,1.123,5.766
1074,05-08-2021 18:18:38,1.165,6.353
1075,05-08-2021 18:18:42,1.243,7.187
1076,05-08-2021 18:18:46,1.326,8.165
1077,05-08-2021 18:18:51,1.426,9.283
1078,05-08-2021 18:18:55,1.506,10.089
1079,05-08-2021 18:19:01,1.627,10.943
1080,05-08-2021 18:19:05,1.712,11.384
1081,05-08-2021 18:19:10,1.818,11.626
1082,05-08-2021 18:19:18,1.984,11.626
1083,05-08-2021 18:19:23,2.088,11.774
1084,05-08-2021 18:19:28,2.194,11.748
1085,05-08-2021 18:19:33,2.298,12.035
1086,05-08-2021 18:19:38,2.401,12.095
1087,05-08-2021 18:19:44,2.525,12.256
1088,05-08-2021 18:19:49,2.629,12.569
1089,05-08-2021 18:19:54,2.732,12.871
1090,05-08-2021 18:19:59,2.834,13.304
1091,05-08-2021 18:20:04,2.938,13.969
1092,05-08-2021 18:20:06,2.979,14.383
1093,05-08-2021 18:20:11,3.086,14.996
1094,05-08-2021 18:20:16,3.192,15.728
1095,05-08-2021 18:20:21,3.296,16.258
1096,05-08-2021 18:20:26,3.399,17.026
1097,05-08-2021 18:20:32,3.524,17.706
1098,05-08-2021 18:20:37,3.628,18.381
1099,05-08-2021 18:20:42,3.730,18.856
1100,05-08-2021 18:20:46,3.812,19.201
1101,05-08-2021 18:20:51,3.913,19.679
1102,05-08-2021 18:20:56,4.016,20.418
1103,05-08-2021 18:21:01,4.121,20.514
1104,05-08-2021 18:21:05,4.202,20.758
1105,05-08-2021 18:21:09,4.284,20.772
1106,05-08-2021 18:21:13,4.367,20.877
1107,05-08-2021 18:21:19,4.489,21.081
1108,05-08-2021 18:21:23,4.569,21.263
1109,05-08-2021 18:21:28,4.672,21.450
1110,05-08-2021 18:21:32,4.756,21.934
1111,05-08-2021 18:21:37,4.859,22.894
1112,05-08-2021 18:21:42,4.966,24.050
1113,05-08-2021 18:21:46,5.051,24.932
1114,05-08-2021 18:21:50,5.134,26.341
1115,05-08-2021 18:21:54,5.220,27.293
1116,05-08-2021 18:21:59,5.324,28.428
1117,05-08-2021 18:22:05,5.453,28.857
1118,05-08-2021 18:22:10,5.559,28.968
1119,05-08-2021 18:22:15,5.662,29.168
1120,05-08-2021 18:22:21,5.790,29.174
1121,05-08-2021 18:22:25,5.872,29.431
1122,05-08-2021 18:22:30,5.975,29.545
1123,05-08-2021 18:22:34,6.058,29.669
1124,05-08-2021 18:22:39,6.162,29.706
1125,05-08-2021 18:22:45,6.286,29.716
1126,05-08-2021 18:22:50,6.392,29.608
1127,05-08-2021 18:22:54,6.477,29.675
1128,05-08-2021 18:22:59,6.583,29.754
1129,05-08-2021 18:23:04,6.686,29.665
1130,05-08-2021 18:23:08,6.769,29.852
1131,05-08-2021 18:23:13,6.870,30.008
1132,05-08-2021 18:23:18,6.970,30.267
1133,05-08-2021 18:23:23,7.070,29.714
1134,05-08-2021 18:23:28,7.174,29.797
1135,05-08-2021 18:23:32,7.259,29.926
1136,05-08-2021 18:23:36,7.341,29.360
1137,05-08-2021 18:23:41,7.443,28.729
1138,05-08-2021 18:23:46,7.547,27.809
1139,05-08-2021 18:23:52,7.669,27.677
1140,05-08-2021 18:23:56,7.749,27.751
1141,05-08-2021 18:24:00,7.832,27.430
1142,05-08-2021 18:24:05,7.933,27.204
1143,05-08-2021 18:24:10,8.037,27.545
1144,05-08-2021 18:24:12,8.080,27.544
1145,05-08-2021 18:24:17,8.189,27.216
1146,05-08-2021 18:24:21,8.272,27.479
1147,05-08-2021 18:24:24,8.330,27.257
1148,05-08-2021 18:24:29,8.438,26.830
1149,05-08-2021 18:24:33,8.520,26.768
1150,05-08-2021 18:24:38,8.625,26.628
1151,05-08-2021 18:24:43,8.728,26.694
1152,05-08-2021 18:24:48,8.830,24.368
1153,05-08-2021 18:24:54,8.953,24.251
1154,05-08-2021 18:24:59,9.058,24.531
1155,05-08-2021 18:25:04,9.163,24.382
1156,05-08-2021 18:25:09,9.268,24.476
1157,05-08-2021 18:25:14,9.370,24.179
1158,05-08-2021 18:25:19,9.473,23.719
1159,05-08-2021 18:25:23,9.558,23.868
1160,05-08-2021 18:25:28,9.657,24.040
1161,05-08-2021 18:25:33,9.759,24.198
1162,05-08-2021 18:25:37,9.840,23.974
1163,05-08-2021 18:25:42,9.941,24.006
1164,05-08-2021 18:25:47,10.044,24.439
1165,05-08-2021 18:25:52,10.149,24.374
1166,05-08-2021 18:25:56,10.230,24.198
1167,05-08-2021 18:26:02,10.357,24.221
1168,05-08-2021 18:26:07,10.462,24.221
1169,05-08-2021 18:26:14,10.607,24.414
1170,05-08-2021 18:26:19,10.713,24.236
1171,05-08-2021 18:26:24,10.817,24.076
1172,05-08-2021 18:26:28,10.900,24.436
1173,05-08-2021 18:26:32,10.983,24.552
1174,05-08-2021 18:26:37,11.085,24.840
1175,05-08-2021 18:26:42,11.189,24.809
1176,05-08-2021 18:26:47,11.294,25.236
1177,05-08-2021 18:26:52,11.396,24.849
1178,05-08-2021 18:26:57,11.501,24.825
1179,05-08-2021 18:27:02,11.606,25.018
1180,05-08-2021 18:27:07,11.713,24.951
1181,05-08-2021 18:27:12,11.817,24.822
1182,05-08-2021 18:27:17,11.923,24.909
1183,05-08-2021 18:27:22,12.026,24.778
1184,05-08-2021 18:27:27,12.125,24.939
1185,05-08-2021 18:27:31,12.208,25.183
1186,05-08-2021 18:27:36,12.313,24.790
1187,05-08-2021 18:27:41,12.419,25.014
1188,05-08-2021 18:27:45,12.482,24.904
